{"_step":5,"test/mrr":0.016174927353858948,"test/ndcg@50":0.038156658411026,"lr-AdamW":0.0009990232305719944,"_runtime":431,"_wandb":{"runtime":431},"test/ndcg@200":0.06739648431539536,"config_table":{"nrows":130,"_latest_artifact_path":"wandb-client-artifact://1lqez7wmxajvkukmdcfvvj7j5y9ouz0dru5uwoqni8buckvlsq238gixu3gnj444o17sebxe4t1geo17www8t5u27jeijhxn4kixfcieelp9h8tb49qxrv6f02hu27j7:latest/config_table.table.json","log_mode":"IMMUTABLE","sha256":"0d3da3d455df6b9c91dcc59ad76511e32674f666d968353fe5cec42fbab6fe64","_type":"table-file","path":"media/table/config_table_0_0d3da3d455df6b9c91dc.table.json","size":6797,"artifact_path":"wandb-client-artifact://w77w96qxpulq0owu84hsufw00vbz067auwh6x2jxg44nykovt6d88a4u66fknho2prnqb2o5s3tyh49j06zfsr6bre0fpqr0cmaiaqr6sm9zrie5u57c6q9vq1r5spb1/config_table.table.json","ncols":2},"train/loss_epoch":1.0122544765472412,"test/hr@200":0.33774834871292114,"trainer/global_step":76,"epoch":2,"test/hr@100":0.23758278787136078,"test/hr@10":0.0339403972029686,"_timestamp":1.7655568794596531e+09,"train/loss_step":1.0102626085281372,"test/ndcg@100":0.05345015600323677,"test/hr@50":0.14321191608905792,"test/ndcg@10":0.015326984226703644}