{"lr-AdamW":0.0009990232305719944,"test/hr@100":0.32201987504959106,"_timestamp":1.765557267102519e+09,"test/ndcg@200":0.10175273567438126,"train/loss_epoch":0.8834359645843506,"_runtime":356,"trainer/global_step":302,"_wandb":{"runtime":356},"train/loss_step":0.8313257098197937,"test/hr@200":0.4652317762374878,"test/ndcg@50":0.06232577562332153,"test/ndcg@100":0.08175288140773773,"_step":15,"test/hr@50":0.20198675990104675,"test/mrr":0.03191526606678963,"test/ndcg@10":0.032500091940164566,"test/hr@10":0.06374172121286392,"epoch":2,"config_table":{"nrows":130,"path":"media/table/config_table_0_19f139e94795de0e3752.table.json","sha256":"19f139e94795de0e3752a54787578bff8a54e6bf800ac9e2e5055343a002b2e8","size":6795,"_latest_artifact_path":"wandb-client-artifact://6p4kbuw6a1fw0385kpnd97ki50irzv5ofyx8izqq6xnppyr5kjnnxkkkio8y6mtwfcc8drnqjrtlvxzppkr0d2s51jd7mrhy4dwqtjyfhud7snceh2pj8atmph16ynta:latest/config_table.table.json","_type":"table-file","artifact_path":"wandb-client-artifact://1hejw4vj7tdhjwq4o9gqz11uumz42fa5ka1zi1lb7vx4vw6kk9638ybc82b4jllfgc41wyxvwwoe2adn7xncnxqa1jrjyqgm6vcgz5gyd2vj53jj2jx8aueu75i5hyc1/config_table.table.json","ncols":2,"log_mode":"IMMUTABLE"}}