{"test/mrr":0.031191136687994003,"train/loss_epoch":0.8923211693763733,"lr-AdamW":0.0009990232305719944,"_wandb":{"runtime":314},"_timestamp":1.7655537272677078e+09,"epoch":2,"test/hr@10":0.06539735198020935,"test/ndcg@200":0.10165201127529144,"_step":15,"train/loss_step":0.8509487509727478,"trainer/global_step":302,"test/hr@50":0.21109271049499512,"test/ndcg@10":0.03250801935791969,"config_table":{"size":6805,"sha256":"a194474d950a512b886d25a57209b0dd44781b9ffa3ba41a1ebc32fe9b90b984","_type":"table-file","_latest_artifact_path":"wandb-client-artifact://b1ko5gh5w2rex43ce6apymjatuubp9ahcz2g1nhf3bogl84fmfwu2kwmd30nhb0dchwc9vfdsl9sbqltc5bprtf5obooyn9l4655rsvu1wq5citf1mirl1gz1b6jc314:latest/config_table.table.json","ncols":2,"artifact_path":"wandb-client-artifact://l9dz736oqixaf5yhfesibzgzkc05m4nes1ckyg1op1ou5holwju8qlbtkly76g86yrg8umbesipe1fr05ab8dqvdk64a20t57rg5s57c87onnn4qvzchvpk8g7195vfg/config_table.table.json","log_mode":"IMMUTABLE","nrows":130,"path":"media/table/config_table_0_a194474d950a512b886d.table.json"},"test/hr@100":0.32781457901000977,"test/ndcg@50":0.06341028958559036,"test/ndcg@100":0.08213651925325394,"_runtime":314,"test/hr@200":0.46771523356437683}