{"test/ndcg@50":0.038410261273384094,"_wandb":{"runtime":332},"test/ndcg@100":0.053283754736185074,"epoch":2,"trainer/global_step":76,"train/loss_epoch":1.0114761590957642,"test/hr@10":0.03228476643562317,"config_table":{"size":6797,"artifact_path":"wandb-client-artifact://ks4xf9kd6hcrxxk003tg39s7tx11vqki2hxr0tsmn15zrrh9a8he3vv8he71znci36boed7d8nj8de7t86g57haongw1evipvhhwy05v7b92mh5xa6ixvwrg9cpw4inb/config_table.table.json","log_mode":"IMMUTABLE","ncols":2,"path":"media/table/config_table_0_1b76617990bd3ee31fe0.table.json","_type":"table-file","nrows":130,"sha256":"1b76617990bd3ee31fe03e9490a46fec2ac981682d787b4019d5cffab086108a","_latest_artifact_path":"wandb-client-artifact://ep3q7xkn4t63kcz4p995ixp3z88oqf4ajdjrcekm91y7h6flw7rvq2sn1synhtq042x2zk119lw37dzcsftixhrfvt4prm0vwps5y9ckigrdoibrc6lpxxopyq80ptvg:latest/config_table.table.json"},"test/ndcg@200":0.06689479202032089,"test/ndcg@10":0.015160744078457355,"lr-AdamW":0.0009990232305719944,"_runtime":332,"test/mrr":0.0163593627512455,"test/hr@100":0.23592714965343475,"test/hr@200":0.33360928297042847,"_timestamp":1.765554308775051e+09,"test/hr@50":0.14321191608905792,"_step":5,"train/loss_step":1.0143104791641235}